{
    "accuracy": 1.0,
    "precision": 1.0,
    "recall": 1.0,
    "f1": 1.0,
    "roc_auc": 1.0,
    "pr_auc": 1.0,
    "best_threshold": 0.22,
    "inference_ms": 30.93,
    "cv_accuracy_mean": 0.9981481481481481,
    "cv_accuracy_std": 0.00370370370370372,
    "cv_precision_mean": 0.9818181818181818,
    "cv_precision_std": 0.036363636363636376,
    "cv_recall_mean": 1.0,
    "cv_recall_std": 0.0,
    "cv_f1_mean": 0.9904761904761905,
    "cv_f1_std": 0.019047619047619067,
    "cv_roc_auc_mean": 1.0,
    "cv_roc_auc_std": 0.0,
    "tn": 981,
    "fp": 0,
    "fn": 0,
    "tp": 101
}